id;user_email;display_name;description;wpcf-category;wpcf-adresse;wpcf-lattitude;wpcf-longitude;wpcf-telephone-du-correspondant;wpcf-facebook_link;wpcf-hours-monday;wpcf-hours-tuesday;wpcf-hours-wednesday;wpcf-hours-thursday;wpcf-hours-friday;wpcf-hours-saturday;wpcf-hours-sunday
32;toulouse@aufut.fr;Au Fût et à Mesure;Une nouvelle expérience de dégustation de bières ludique, conviviale et décalée : prenez un verre, déposez votre carte devant l’une des tireuses installées et  servez vous au gré de vos envies !;bars_cafes;20 Rue Gabriel Peri, Toulouse;43.6058172;1.4524309999999332;05 62 80 70 93;https://www.facebook.com/aufut.toulouse/?fref=ts;17:00-2:00;17:00-2:00;17:00-2:00;17:00-2:00;17:00-2:00;17:00-3:00;17:00-1:00
25;atelier@aubaineapp.fr;L’atelier de l’écharpe;L’atelier de l'écharpe met à l’honneur une carte bistrotière finement repensée, composée de fringales à partager, cocktails et vins raffinés. L'ambiance contemporaine vous séduira !;bars_cafes,restauration;8 rue de l'Echarpe,  Toulouse;43.6001851;1.441422399999965;06 47 87 97 98;https://www.facebook.com/Latelier-de-Lecharpe-1493683047573289/;12:00-14:00 / 18:00-2:00;12:00-14:00 / 18:00-2:00;12:00-14:00 / 18:00-2:00;12:00-14:00 / 18:00-2:00;12:00-14:00 / 18:00-2:00;12:00-14:00 / 18:00-2:00;
97;contact@decomodesign.fr;L'appartement de Pénélope;Orchestré tel un logement, l'Appartement de Pénélope vous donnera envie de refaire votre intérieur ! Vous y trouverez des articles tendances pour toutes les pièces de la maison !;Se faire Dorlotter;19 Rue du Fourbastard, Toulouse;43.602528;1.4456973999999718;06 30 58 47 32;;14:00-19:00;11:00-19:00;11:00-19:00;11:00-19:00;11:00-19:00;11:00-19:00;
66;artcoiffure@aubaineapp.fr;Art Coiffure;Venez vous faire coiffeur chez Art et Coiffure, une équipe très agréable et toujours à l'écoute ! Dans ce salon, couper 2 cm c'est 2 cm, pas plus ! Vous pouvez leur faire confiance.;boutiques;10 Boulevard Maréchal Leclerc, Toulouse;43.6072462;1.4311278999999786;05 61 23 42 60;https://www.facebook.com/Art-et-Coiffure-177580425737784/;9:00-18:00;9:00-18:00;;9:00-18:00;9:00-18:00;9:00-18:00;
92;delphine.barthere@artdevivre.fr;Centre Art de Vivre;ONG à but éducatif et humanitaire, Art de Vivre a pour objectif d'améliorer votre qualité de la vie en mettant à disposition des techniques issues du yoga, destinées à nettoyer les effets du stress.;Se faire dorloter;4 rue de la Barutte, Toulouse;43.60308679978528;1.445278488099575;05 34 44 71 25;https://www.facebook.com/ArtdeVivreToulouse/;10:00-21:00;10:00-21:00;10:00-21:00;10:00-21:00;10:00-21:00;10:00-21:00;
96;sonia.mahdi@orange.fr;Jama Beauty - Art de Vivre;Découvrez les modelages Ayurvédiques ! C'est une forme de médecine traditionnelle originaire de l'Inde pour libérer notre énergie vitale... Un art de vivre indien en équilibre avec la nature.;Se faire dorloter;4 rue de la Barutte, Toulouse;43.60320010000001;1.4453065000000151;06 49 43 17 41;https://www.facebook.com/ArtdeVivreToulouse/;10:00-21:00;10:00-21:00;10:00-21:00;10:00-21:00;10:00-21:00;10:00-21:00;
62;Atypique@aubaineapp.fr;Atypique Concept Store;Comme son nom l'indique, Atypique est une boutique originale est pleine de charme ! Vos trouverez de jolies idées cadeaux : accessoires de mode, objets déco ... et autres trouvailles sympathiques !;boutiques;11 rue croix baragnon, Toulouse;43.5995535;1.4462035000000242;05 61 53 12 54;https://www.facebook.com/Atypique-Concept-Store-996802613692654/?fref=ts;14:00-19:00;10:00-12:00 / 14:00-19:00;10:00-12:00 / 14:00-19:00;10:00-12:00 / 14:00-19:00;10:00-12:00 / 14:00-19:00;10:00-12:00 / 14:00-19:00;
160;laloland31@gmail.com;Au Jardin des Thés;"Un ""tea time"" plus que gourmand, c'est ce que vous porpose le Jardin des Thés ! Un large choix de pâtisserie et de boissons chaudes pour se régaler ! Profitez-en aussi pour la pause déjeuner.";bars_cafes;16 place st georges;43.6026162;1.447707600000058;;;12:00-20:00;12:00-20:00;12:00-20:00;12:00-20:00;12:00-20:00;12:00-20:00;12:00-20:00
80;aupoildelabete@aubaineapp.fr;Au Poêle de la Bête;Découvrez le midi et le soir de délicieuses tapas et plats cuisinés uniquement à base de produits frais. 70 types de vin et bières vous sont proposés dans une ambiance rock and roll !;bars_cafes;56 rue d'Aubuisson, Toulouse;43.60272500000001;1.4543094000000565;05 34 26 92 84;https://www.facebook.com/poeledelabete/?fref=ts&__mref=message_bubble;7:00-2:00;7:00-2:00;7:00-2:00;7:00-2:00;7:00-2:00;17:00-3:00;7:30 / 15:00
78;autourdubain@aubaineapp.fr;Autour du Bain;Autour du bain vous propose toute sorte de savons gourmands ! Cupcakes, macarons, fleurs ... ces produits sont tous naturels et bons pour la peau, avec des senteurs exquises !;boutiques;11 rue Cantegril, Toulouse;43.6014683;1.4475473999999622;05 61 22 78 89;https://www.facebook.com/La-Suite-by-Metstiss%C3%A9s-410928072298268/?fref=ts;;10:30-13:00 / 14:00-19:00;10:30-13:00 / 14:00-19:00;10:30-13:00 / 14:00-19:00;10:30-13:00 / 14:00-19:00;10:30-19:00;
103;tonycaponne@hotmail.fr;Aux pieds sous la table;Brasserie le midi, semi-gastronomique le soir, Aux pieds sous la table est détenteur du Titre Maître Restaurateur nous transmet ses valeurs au travers d’une équipe jeune et dynamique !;bars_cafes;4/8 Rue Arnaud Bernard, Toulouse;43.60954419999999;1.4392169000000195;05 67 11 01 72;https://www.facebook.com/Aux-Pieds-Sous-La-Table-382395191865257/;8:00-12:00 / 14:00-18:00;12:00-14:00;12:00-14:00 / 19:30-22:00;12:00-14:00 / 19:30-22:00;12:00-14:00 / 19:30-22:00;;
114;aymeric.lanouvelle@gmail.com;aymeric de Lanouvelle;;bars_cafes;1 place de la Daurade, Toulouse;;;;;;;;;;;
61;bagelcorner@aubaineapp.fr;Bagel Corner;Le bagel Corner vous propose toute sorte de bagel, mais aussi de composer votre propre recette ! En plus tous les légumes sont frais, livrés chaque matin et découpés en cuisine.;petite_faim;6 Rue du Taur, Toulouse;43.6053861;1.4430620000000545;09 53 09 45 07;https://www.facebook.com/bagelcorner.toulouse/?fref=ts;11:00-15:00 / 18:30-21:30;11:00-15:00 / 18:30-21:30;11:00-15:00 / 18:30-21:30;11:00-15:00 / 18:30-21:30;11:00-15:00 / 18:30-21:30;11:30-21:30;
95;florian.marietta@wanadoo.fr;Le Bar des Poètes;Les poètes, vous accueillent dans une ambiance conviviale et festive pour un repas ou un verre en soirée. Lors des soirées à thème, venez vous mêler à l'équipe et siroter de délicieux cocktails préparés par leurs soins !;bars_cafes;3 Rue Baour Lormian, Toulouse;43.6030152;1.4436717999999473;06 42 10 70 01;https://www.facebook.com/bardespoetes/?fref=ts;;8:00-2:00;8:00-2:00;8:00-2:00;8:00-2:00;8:00-3:00;
134;julie@bdfugue.com;Bd Fugue;Bienvenue au temple de la BD, un concept original mixant librairie et café ! Plus de 1500 références de BD, comics et mangas sont présentes aux côtés d'une partie café et salon de thé idéale pour bouquiner tranquillement autour d'une boisson !;bars_cafes;11 rue Sainte-Ursule, Toulouse;43.6019257;1.4420456999999942;05 34 25 17 47;;14:00-19:00;10:00-19:00;10:00-19:00;10:00-19:00;10:00-19:00;10:00-19:00;
87;benoit@lebierographe.com;Le Bierographe;Amoureux du houblon, vous êtes à l’affût de nouvelles bières artisanales? Nordistes, trappistes, locales, à la pression ou en bouteille, ce bar n'attend que vous !;bars_cafes;12 rue des paradoux Toulouse;43.5986828;1.4428775999999743;06 58 16 17 69;https://www.facebook.com/lebierographe/?fref=ts&__mref=message_bubble;17:30-00:00;17:30-1:00;17:30-1:00;17:30-2:00;17:30-2:00;16:00-3:00;
36;bistrotdespuits@aubaineapp.fr;Bistrot Des Puits;Ce bistrot vous plonge dans une ambiance et une cuisine authentique. Si il fait beau, vous allez adorer sa terrasse ensoleillée. Que ce soit pour un déjeuner ou un Happy Hour, vous trouverez votre bonheur !;restauration;14 Rue Baronie, Toulouse;43.6021136;1.444734799999992;05 61 21 95 65;https://www.facebook.com/lebistrotdespuits/;;10:00-23:00;10:00-23:00;10:00-2:00;10:00-2:00;10:00-3:00;
31;contact@bobine-conceptstore.com;Bobine - Concept Store;Bobine est concept store où exclusivité et qualité sont mis à l'honneur ! Des articles introuvables sur Toulouse pour affirmer son style et sa personnalité. Amateurs de nouveautés, c'est pour vous !;epiceries,boutiques;17 Rue de la Pomme, Toulouse;43.6025346;1.4462038000000348;05 61 22 59 77;https://www.facebook.com/bobine.conceptstore/;14:00-19:00;10:30-19:00;10:30-19:00;10:30-19:00;10:30-19:00;10:30-19:00;
75;projet.boca@gmail.com;Boca Bar à sandwichs;"Chez Boca, venez déguster un large choix de ""bocadillos"" comme en Espagne ! Ouvert toute journée, ces sandwichs combleront toutes vos petites faims à des prix minis !";petite_faim, bars_cafes;45 rue Peyrolières, Toulouse;43.60193779999999;1.4407796000000417;09 83 01 14 41;https://www.facebook.com/BOCAtlse/?fref=ts;11:00-00:00;11:00-00:00;11:00-00:00;11:00-00:00;11:00-00:00;11:00-00:00;
72;julienfadel1@gmail.com;Borriquito Loco;C'est l'effervescence barcelonaise qui caractérise ce bar à tapas. Un esprit festif et chaleureux, où toutes les générations se confondent pour partager des soirées mémorables ! On pari que vous connaissez ?;bars_cafes;25 Rue des Paradoux, Toulouse;43.5988569;1.4425925000000461;05 61 25 34 54;https://www.facebook.com/borriquito.loco/;18:00-2:00;18:00-2:00;18:00-2:00;18:00-2:00;18:00-2:00;18:00-3:00;
107;legalo@hotmail.fr;Boulangerie Saint-Georges;La Boulangerie Saint-Geoges fait partie des 100 meilleures boulangeries de France ! Reconnue pour son pain traditionnel, elle vous propose des produits 100% artisanaux !;Petites faims;6 Place Saint-Georges, Toulouse;43.60182409999999;1.4472051999999849;06 08 03 56 24;https://www.facebook.com/pg/BoulangerieSaintGeorges/about/?ref=page_internal#;7:00-19:30;7:00-19:30;7:00-19:30;7:00-19:30;7:00-19:30;7:00-19:30;
117;maxoptic@gmail.com;Max Optic;Découvrez un large choix de lunettes de vue et de soleil chez Max Optic ! Au cœur de la place Saint-Georges, vous trouverez votre bonheur à coup sûr dans cette boutique.;bars_cafes;45 Rue Boulbonne, Toulouse;43.60155990000001;1.4476492999999664;05 61 21 60 24;https://www.facebook.com/maxoptic.fr/?fref=ts;10:00-13:00 / 14:00-19:00;10:00-13:00 / 14:00-19:00;10:00-13:00 / 14:00-19:00;10:00-13:00 / 14:00-19:00;10:00-13:00 / 14:00-19:00;10:00-13:00 / 14:00-19:00;
69;davidmarciano@mac.com;Boutique Atelier;La boutique l'Atelier propose des collections adaptées à la femme urbaine d'aujourd'hui : habits, bottines, baskets, bijoux, sacs ... de quoi avoir la tête qui tourne ! Allez y faire un tour !;boutiques;24 Rue Saint Antoine du T, Toulouse;43.6038867;1.4474715999999717;05 61 12 03 97;https://www.facebook.com/boutiqueLatelier/?fref=ts;10:30-19:30;10:30-19:30;10:30-19:30;10:30-19:30;10:30-19:30;10:30-19:30;
119;line.dourneau@bonnieandclydefactory.com;Boutique Bonnie Clyde;"Cette boutique de mode, décoration et objets insolites revisite le vintage et le remet au coeur de la tendance ! Bonnie &amp; Clyde Factory sélectionne de sublimes pièces mélant vintage et élégance.";bars_cafes;1 Rue du Coq d'Inde, Toulouse;43.5994078;1.442787199999998;;https://www.facebook.com/bonnieandclydefactory/;;10:30-19:30;10:30-19:30;10:30-19:30;10:30-19:30;10:30-19:30;
118;marth.toulouse@gmail.com;Marthe Café Contemporain;Au Marthe Café Contemporain, venez déjeuner en toute convivialité ! Placé au cour de la place Saint-georges, vous pourrez aussi profiter des brunchs les dimanches et jours fériés !;bars_cafes;9 Place Saint-Georges, Toulouse;43.6019879;1.4471624000000247;05 62 89 41 14;https://www.facebook.com/marthe.toulouse/;9:00-19:00;9:00-19:00;9:00-22:00;9:00-22:00;9:00-22:00;9:00-22:00;10:00-19:00
158;bowatelier@gmail.com;Böw;Böw est une boutique atelier unique ! Venez découvrir cet univers rétro scandinave et les créations de nombreux artistes. Bijoux, sacs, vêtements ... vous trouverez un large choix d'articles !;boutiques;33 rue des couteliers, Toulouse;43.598773;1.44165739999994;;https://www.facebook.com/bowatelierboutique/;8:00-12:00 / 14:00-18:00;10:30-19:00;10:30-19:00;10:30-19:00;10:30-19:00;10:30-19:00;
164;brolendacoffeeshop@gmx.fr;Brolenda coffee shop;Découvrez les vrais arômes du café dans le coffee shop Brolenda ! Venu des 4 coins du monde, les différentes préparations auront tout pour vous plaire, accompagnées de pâtisseries.;bars_cafes;28 rue lakanal;43.6044474;1.4406251000000339;;https://www.facebook.com/brolendacoffeeshop/photos/a.1297417883620243.1073741829.1240351455993553/1645594945469200/?type=3&theater;9:00-19:00;9:00-19:00;9:00-19:00;9:00-19:00;9:00-19:00;9:00-19:00;10:00-19:00
144;2342@aubaineapp.fr;Café Chouchou;Le Café Chouchou, vous propose des plats gourmands et traditionnels dans une ambaince vintage. Pour les amoureux de la montagne, une salle ambiance Ski Club y est dédiée où se croisent des recettes typiques de la saison : de fondues aux Mont d'Or aux grillades à la braise...;bars_cafes;37 Rue des Filatiers, Toulouse;43.5990675;1.4438509000000295;05 61 53 53 60;https://www.facebook.com/Café-Chouchou-1180700088608321/;9:00-2:00;9:00-2:00;9:00-2:00;9:00-2:00;9:00-2:00;9:00-3:00;11:00-18:00
136;cafecontretemps@gmail.com;Café Contretemps;Venez seul ou à plusieurs pour travailler, réviser, échanger, prendre une pause café ou vous détendre. Vous vous sentirez comme chez vous car tout est à volonté: thé, café de qualité, encas sucrés et salés, fruits... On adore!;bars_cafes;11 Rue de la bourse, Toulouse;43.6004785;1.442523299999948;05 34 33 59 70;;9:00-19:00;9:00-19:00;9:00-19:00;9:00-19:00;9:00-19:00;9:00-19:00;14:00-19:00
129;suimano@gmail.com;Cafe Dips;Pour une pause déjeuner complète, rendez-vous au Café Dip's ! Profitez de salades, bagels et autres plats du jour de saison. Sans oublier la touche sucrée avec les patisseries maisons !;bars_cafes;23 Place du Salin, Toulouse;43.59500810000001;1.4442053000000215;06 81 99 95 11;https://www.facebook.com/Café-DIPS-988875677874570/;;;;;;;
79;valerie.nguyen@bbox.fr;Carpe Diem - Déco;Carpe Diem vous propose des articles principalement réalisés par des créateurs français (notamment toulousains), mais aussi des trouvailles de chez nos voisins danois et suédois.;boutiques;18 rue d'Astorg, Toulouse;43.6009167;1.4487954999999602;09 81 85 85 49;;;10:30-19:00;10:30-19:00;10:30-19:00;10:30-19:00;10:30-19:00;
49;cosanostra@aubaineapp.fr;A Casa Nostra;Entrez au coeur de l'Italie avec Casa Nostra ! Cette épicerie fine italienne et familiale vous propose des produits artisanaux tout droit venus d'Italie. Vous pourrez aussi y composer votre propre sandwich !;epiceries;5 Rue des Lois, Toulouse;43.60510600000001;1.442137799999955;05 61 12 14 57;https://www.facebook.com/casanostra.thevenin?fref=ts;;10:30 / 19:30;10:30 / 19:30;10:30 / 19:30;10:30 / 19:30;10:30 / 19:30;
141;marion@ceci-et-cela.fr;"Ceci &amp; Cela";"Consommer mieux tout en respectant l'environnement, c'est ce que vous propose Ceci &amp; cela ! Une boutique dédiée aux fruits et légumes. Vous retrouverez des produits de saison provenant d'exploitations toulousaines ! De quoi faire de bons petits plats.";boutiques;4 rue Jules Chalande, Toulouse;43.602211;1.443927;05 82 74 90 31;https://www.facebook.com/ceci.et.cela.magasin/;10:30-20:00;10:30-20:00;10:30-20:00;10:30-20:00;10:30-20:00;10:30-20:00;
143;2451@aubaineapp.fr;"Ceci &amp; Cela - Épicerie";"Consommer mieux tout en respectant l'environnement, c'est ce que vous propose Ceci &amp; cela ! Une boutique dédiée aux fruits et légumes. Vous retrouverez des produits de saison provenant d'exploitations toulousaines ! De quoi faire de bons petits plats.";boutiques;7 Rue Baour Lormian, Toulouse;43.602996;1.4441576000000396;;https://www.facebook.com/ceci.et.cela.magasin/?fref=ts;15:00-19:00;10:00-20:00;10:00-20:00;10:00-20:00;10:00-20:00;10:00-20:00;
100;cereallover@aubaineapp.fr;Cereal Lover Cafe;"Au Cereal Lover Café vous pourrez choisir parmi plus de 67 sortes de céréales et y ajouter pleins de bonnes choses : M&amp;M's, Kinder Bueno, caramel, biscuits, chocolats ...";bars_cafes;12 Rue des Lois, Toulouse;43.6052745;1.442324699999972;;https://www.facebook.com/Cereal-Lover-Caf%C3%A9-1802704520004015/?fref=ts;14:30-18:00;9:00-11:30 / 14:30-18:00;9:00-11:30 / 14:30-18:00;9:00-11:30 / 14:30-18:00;9:00-11:30 / 14:30-18:00;9:00-19:00;
155;chapristea@gmail.com;Chapristea;Profitez d'une pause avec les chats de chez Chapristea ! Pour déjeuner ou bien goûter, venez careesser et jouer avec des chats provennant d'une association. Le plus, vous pouvez les adopter !;bars_cafes;4 rue Jules Chalande, Toulouse;43.602294;1.443981;09 81 13 32 38;https://www.facebook.com/chapristea/;8:00-12:00;12:00-19:00;12:00-19:00;12:00-19:00;12:00-19:00;12:00-19:00;12:00-19:00
74;coexiststoretoulouse@gmail.com;Coexist Store;Un concept store dédié à la mode masculine, c'est ce que vous propose Coexist ! Des vêtements aux accessoires high-tech, vous trouverez à coup sûr votre bonheur !;boutiques;2/4 Rue Temponières, Toulouse;43.6010566;1.4427663999999822;05 62 89 56 64;https://www.facebook.com/Coexist.Toulouse/?fref=ts&__mref=message_bubble;14:00-19:00;10:30-19:00;10:30-19:00;10:30-19:00;10:30-19:00;10:30-19:00;
133;justine@connexionlive.fr;Connexion Live;Le Connexion c'est LE bar au centre de Toulouse où de nombreux artistes, tels que Julian Perretta, Petit Biscuit, ont déjà fait leur apparition. Cet espace hybride a mis l’accent sur une ambiance loft new-yorkais/berlinois très vintage.;bars_cafes;8 Rue Gabriel Péri, Toulouse;43.6055654;1.4504601999999522;;https://www.facebook.com/Connexion.Live.Toulouse/?fref=ts;17:30-2:00;17:30-2:00;17:30-2:00;17:30-2:00;17:30-2:00;17:30-3:00;
108;info@contactotoulouse.com;Contact'O;Contact'O est dédié aux lentilles de contact ! Bénédicte et Emilie vous conseilleront et aideront durant toute la durée de vos essais, peu importe le problème oculaire ! Faites leur confiance !;bars_cafes;20 Rue Ozenne, Toulouse;43.59537410000001;1.4480085000000145;09 82 42 52 54;https://www.facebook.com/contactotoulouse/;;9:30-12:30 / 14:00-19:00;9:30-12:30 / 14:00-19:00;9:30-12:30 / 14:00-19:00;9:30-12:30 / 14:00-19:00;9:30-12:30;
44;creativyogurt@gmail.com;Creativ' Yogurt;L'univers du yaourt glacé créatif et gourmand c'est ici ! Composez selon vos envies vos yogurts, smoothies, cafés viennois, crêpes et gaufres maisons, grâce à un bar à toppings..;bars_cafes,petite_faim;32 bis Rue des lois, Toulouse;43.60596109999999;1.4415731000000278;05 61 23 87 55;https://www.facebook.com/Creativ-Yogurt-447747165300382/;10:00-19:00;10:00-19:00;10:00-19:00;10:00-19:00;10:00-19:00;12:00-19:00;
94;contact@crunch-brunch.com;"Crunch &amp; Brunch";"Chez Crunch &amp; Brunch, on vous propose d'allier yoga et brunch gourmand ! Dans un lieu cosy en pein centre de Toulouse, accordez-vous un moment healthy en toute détente !";bien_etre;Jeanne d'Arc, Toulouse;43.609067;1.4462089999999534;;https://www.facebook.com/crunchandbrunch/?fref=ts;7:00-21:00;7:00-21:00;7:00-21:00;7:00-21:00;7:00-21:00;7:00-21:00;7:00-21:00
89;deepstones@free.fr;Deep Stones;Les bijoux de Deep Stones sont réalisés à la main et avec soin par la pétillante créatrice Marie. Confectionnés avce des pierres fines et naturelles, ces créations sauront vous faire voyager !;boutiques;Sur internet uniquement;43.6044292;1.4438121000000592;;https://www.facebook.com/pg/deepstonestoulouse/about/?ref=page_internal;;;;;;;
59;ledelicatessen.toulouse@gmail.com;Le Delicatessen;Passez le pas de la porte et découvrez un endroit où convivialité et bonne ambiance ne font qu'un. Pour combler vos envies gourmandes, commandez de délicieuses tapas et régalez-vous !;bars_cafes;11 bis rue Riquet, Toulouse;43.6013369;1.4539475000000266;05 61 62 49 00;https://www.facebook.com/ledelicatessentlse/?fref=ts;17:00-2:00;17:00-2:00;17:00-2:00;17:00-2:00;17:00-2:00;18:00-3:00;18:00-2:00
47;bonjour.delu@gmail.com;Délù;Délù est là pour colorer vos matinées ! Il vous propose ses petits déjeuners à emporter sains et équilibrés à base de yaourt, crunchy, fruits frais et toppings en tous genres !;petite_faim;29 Rue des Salenques, Toulouse;43.6080028;1.4380525999999918;;https://www.facebook.com/delu.petit.dejeuner/;8:30-13:00;8:30-13:00;8:30-13:00;8:30-13:00;8:30-13:00;9:30-14:00;
152;m.sarah@free.fr;Durance;Durance vous fait découvrir les senteurs de Provence ! Bougies, diffuseurs et autres cosmétiques sont natuels, fabriqué en Provence avec des senteurs inspirées de la nature !;boutiques;22 Rue Saint-Antoine du T, Toulouse;43.603815;1.447506599999997;05 62 27 18 33;;14:00-19:00;10:30-19:00;10:30-19:00;10:30-19:00;10:30-19:00;10:30-19:00;
101;contact@ekylibrerestauration.fr;Ekylibre;"A tous les adeptes de ""healthy food"", cette adresse est pour vous ! Ekylibre vous propose chaque jour des recettes différentes, créatives et très gourmandes à base de produits frais !";bars_cafes;23 Rue du Fourbastard, Toulouse;43.6025298;1.446339099999932;;https://www.facebook.com/pg/Ekylibretoulouse/photos/?ref=page_internal;8:00-12:00 / 14:00-18:00;9:00-17:00;9:00-17:00;9:00-17:00;9:00-17:00;9:00-17:00;
148;lydia.destarac@gmail.com;Favoris by Lydia Destarac;Avec son showroom en plein centre ville de Toulouse, Lydia Destarac vous propose des pièces vintage et contemporaines chinées au gré de ses voyages. Chaque mois, retrouvez une sélection d'une centaines de pièces différentes et uniques !;bien_etre;6 rue de la bourse;43.6003084;1.4426009000000022;;https://www.facebook.com/favorisbylydiadestarac/?fref=ts;11:00-19:00;8:00-12:00 / 14:00-18:00;11:00-19:00;11:00-19:00;11:00-19:00;11:00-19:00;
106;fleurea31@gmail.com;Fleuréa;Fleuréa c'est l'alliance entre un fleuriste et un salon de thé ! Vous y trouverez des plantes et fleurs diverses, mais aussi des produits d'épicerie fine autour de cette même thématique ! Etonnant, non ?;bars_cafes;39 Rue du Faubourg Bonnefoy, Toulouse;43.6179125;1.4552272999999332;05 61 12 03 37;https://www.facebook.com/fleurea.fr/;8:00-12:00 / 14:00-18:00;10:00-19:00;10:00-19:00;10:00-19:00;10:00-19:00;10:00-19:00;10:00-13:00
109;fromageriemilie@gmail.com;Fromagerie Émilie;Présente au Marché Victor Hugo tous les matins, Emilie vous propose un large choix de fromages ! Vous pouvez aussi commander des plateaux composés pour vos occasions spéciales.;bars_cafes;Marché Victor Hugo, Toulouse;43.6065061;1.4466823000000204;06 83 46 03 64;https://www.facebook.com/fromagerieemilie/;8:00-12:00 / 14:00-18:00;7:30-13:00;7:30-13:00;7:30-13:00;7:30-13:00;7:30-13:30;7:30-13:30
116;glooters@aubaineapp.fr;Glooters;Des cocktails gélifiés, vous connaissez ? Ils sont préparés maison et gélifés à l'agar-agar pour n'en faire qu'une bouchée ! Glooters vous propose des recettes classiques ou inédites pour vos soirées !;boutiques;En vente chez Duck Me - 7 rue de Rémusat, Toulouse;43.6054008;1.44366279999997;06 84 70 92 99;http://www.facebook.com/glooters/?fref=ts;11:30-23:00;11:30-23:00;11:30-23:00;11:30-23:00;11:30-23:00;11:30-23:00;11:30-23:00
84;auxgourmandisesdeceline@gmail.com;Aux Gourmandises de Celine;Céline vous propose des mets faits maison et avec amour. Tartes sucrées, salées, petits biscuits atypiques, chocolats chauds, bagels, quiches, brunchs ... Vos papilles vous remercieront !;petite_faim;9 rue des pénitents gris, Toulouse;43.6058892;1.441887700000052;09 67 10 43 84;https://www.facebook.com/salon.de.the.toulouse/?fref=ts;8:00-12:00 / 14:00-18:00;11:00-18:30;11:00-18:30;11:00-18:30;11:00-18:30;12:00-18:00;11:30-15:00
139;hautlesmains.event@gmail.com;Haut les mains;Un lieu éphémère alliant boutique et atelier de créateurs, pendant 2 mois! Vous y trouverez un tas de jolies choses faites main par une vingtaine de créateurs, aussi talentueux les uns que les autres !;boutiques;8 rue Jules Chalande, Toulouse;43.6022051;1.444358999999963;;https://www.facebook.com/events/1513704851981033/;10:30-19:00;10:30-19:00;10:30-19:00;10:30-19:00;10:30-19:00;10:30-19:00;
56;indyra@aubaineapp.fr;Indyra Esthetique;Les équipes d'Indyra Esthétique, se déplacent chez vous, avec tout le matériel nécessaire pour recréer au mieux l'ambiance de l’institut ! Accordez-vous un moment cocooning !;boutiques;3 Boulevard André Netwiller, Toulouse;43.638556;1.465278;06 03 01 85 94;http://www.indyra-esthetique.com;9:30-19:30;9:30-19:30;9:30-19:30;9:30-19:30;9:30-19:30;9:30-19:30;
124;marion.bebert@gmail.com;Institut Privilège Balma;L'Institut Privilège vous propose autant de choix que d'expertises : soins du corps et du visage, manucures, cures minceur ou encore maquillage !;bars_cafes;16 Rue Saint-Jean, Toulouse;43.61203829999999;1.4951031000000512;;https://www.facebook.com/Institut-Privilege-balma-292997607445180/?ref=ts&fref=ts;8:00-12:00 / 14:00-18:00;9:30-19:00;9:30-19:00;9:30-19:00;9:30-19:00;10:00-18:00;
70;interprete@aubaineapp.fr;L'interprète Concept Store;Entrez dans un concept store où vous vous sentirez comme à la maison ! Vous y trouverez de la décoration élégante, des vêtements, des bougies  ... Laissez vous guider !;boutiques;15 rue Saint Ursule, Toulouse;43.6024806;1.4419494999999642;05 31 22 27 23;https://www.facebook.com/LinterpreteConceptStore/?fref=ts;14:00-19:15;10:30-19:15;10:30-19:15;10:30-19:15;10:30-19:15;10:30-19:15;
50;josie@aubaineapp.fr;Josie Concept Store;Entrez dans un univers funky et coloré ! Dans ce concept store, on y découvre pleins de belles marques toulousaines et françaises, et même des créations de la gérante Sonia.;boutiques;24 Rue des Lois, Toulouse;43.6055281;1.4418398999999908;05 61 21 44 88;https://www.facebook.com/Josie.conceptstore/?fref=ts;8:00-12:00 / 14:00-18:00;11:30-19:00;11:30-19:00;11:30-19:00;11:30-19:00;11:30-19:00;
166;contact@karmaleon.fr;Karmaleon;Profitez des services bien-être proposés par Karmaleon ! Cours de yoga, soins ayurvédiques ou énergétiques, individuellement ou même au bureau, vous aurez l'embarras du choix !;;Chemin du Moulin, 9 résidence Val Fleuri, Ayguesvives;43.4411082;1.5958888999999772;;;9:00-18:00;9:00-18:00;9:00-18:00;9:00-18:00;9:00-18:00;9:00-18:00;
115;1234@aubaineapp.fr;L'Apothicaire;;bars_cafes;1 place de la Daurade, Toulouse;;;;;;;;;;;
146;888@aubaineapp.fr;L'Envol Coté Plage;Avec sable blanc et palmiers, L'Envol propose de rythmer votre été. De nombreux artistes tels que Bob Sinclair et Feder animeront vos soirées.. Venez profitez de ce cadre idyllique en degustant des tapas, plats traditionnels mais également de la cusine Thai ! Dépaysement assuré !;bars_cafes;32 Avenue Jean René Lagasse, Toulouse;43.5869915;1.5015855000000329;05 31 61 56 12;https://www.facebook.com/lenvolcoteplage/;12:00-2:00;12:00-2:00;12:00-2:00;12:00-2:00;12:00-2:00;12:00-2:00;12:00-2:00
138;lestaminot@yahoo.fr;L'estaminot;Dans une ambiance d'ancienne librairie où il sent bon le café, vous trouverez un large choix de livres pratiquement neufs d'occasion. Pour un vrai moment de détente, pour ceux qeux qui souhaitent déguster des mets salés, sucrés en bouquinant des livres. Culture et détente, une association parfaite !;bars_cafes;31 rue reclusane, Toulouse;43.5988938;1.4322018999999955;09 84 09 63 61;https://www.facebook.com/Lestaminot-1523515101292669/;12:00-19:30;10:00-19:30;10:00-19:30;10:00-19:30;10:00-19:30;10:00-19:30;
121;jbouf@hotmail.fr;L' Évasion;Venez déguster tapas, assiettes composées et burgers dans ce bar-brasserie. Misant tout sur le « fait maison », il vous propose des produits français de qualités !;bars_cafes;29 Grande Rue Saint-Michel, Toulouse;43.58588649999999;1.44715199999996;05 61 62 21 97;https://www.facebook.com/levasion.bar/;10:30-2:00;10:30-2:00;10:30-2:00;10:30-2:00;10:30-2:00;9:30-13:00 / 17:00-3:00;
145;432@aubaineapp.fr;La Compagnie Française;Voyagez avec la Compagnie Française et partez à la decouverte de l'Italie. Dans une ambiance à la décoration soignée ou sur sa terrasse ensolleillée, le restaurant vous propose des salades gourmandes et copieuses ou des plats raffinés. Ouvert le dimanche la Compagnie Française vous accueille tous les jous de l'année.;bars_cafes;56 Rue d'Alsace Lorraine, Toulouse;43.6079541;1.4458617000000231;05 31 61 56 16;https://www.facebook.com/ciefrancaise/;9:00-2:00;9:00-2:00;9:00-2:00;9:00-2:00;9:00-2:00;9:00-2:00;10:00-2:00
120;raphaelluciani@icloud.com;La fine équipe;Ce lieu vous surprendra à coup sûr avec ses tapas et ses cocktails à tomber ! Bar-brasserie en semaine et brunch les week-end. Rien de mieux pour les toulousaines et toulousains !;bars_cafes;3 Bis Boulevard de Strasbourg, Toulouse;43.6059311;1.4480771999999433;05 61 62 21 97;https://www.facebook.com/lafineequipetoulouse/;11:30-2:00;11:30-2:00;11:30-2:00;11:30-2:00;11:30-2:00;11:30-2:00;11:30-2:00
147;764@aubaineapp.fr;La Guinguette;Profitez un déjeuner ou diner sur la Garonne ! Avec son coucher de soleil et sa vue imprenable, La Guinguette vos plonge dans un cadre bucolique. Au menu, une cuisine à base de produits frais et locaux.;bars_cafes;Quai Tounis, Toulouse;43.5961998;1.440379699999994;;https://www.facebook.com/laguinguette.toulouse/;9:00-22:00;9:00-22:00;9:00-22:00;9:00-22:00;9:00-22:00;9:00-22:00;9:00-22:00
140;condaminesclement@free.fr;La Houblonniere;Un salon de bière qui sert plus de 200 bières dont un large choix de produits locaux ! Pour goûter à la nouveauté et à la qualité, c'est ici !;bars_cafes;37 Rue de la République, Toulouse;43.5984187;1.4334569999999758;09 51 14 53 71;https://www.facebook.com/houblonniere.toulouse/;12:00-22:00;12:00-22:00;12:00-22:00;12:00-22:00;12:00-22:00;12:00-22:00;
132;communication@connexionlive.fr;La Maison;Venez profiter de cette deuxième maison. L'ambiance appelle au confort avec des bougies, des gros canapés et une cheminée  : un salon cosy qui nous donne l'impression d'être chez soi. Et les tapas sont parfaits !;bars_cafes;9 Rue Gabriel Péri, Toulouse;43.605835;1.451297;05 61 62 87 22;https://www.facebook.com/LeBarLaMaison/?fref=ts;17:30-2:00;17:30-2:00;17:30-2:00;17:30-2:00;17:30-2:00;17:30-3:00;
142;31221@aubaineapp.fr;La Mucca;Amoureux des carnets, stylos et cartes, vous êtes sûrs de trouver votre bonheur à la Mucca !  Cette papeterie vous propose des produits originaux souvent créés par leurs soins.;boutiques;23 Rue des Lois, Toulouse;43.6063065;1.4405808000000206;05 34 30 93 84;https://www.facebook.com/La-Mucca-Toulouse-141262632567473/;10:00-19:00;10:00-19:00;10:00-19:00;10:00-19:00;10:00-19:00;10:00-19:00;
46;s.sarlandie@gmail.com;La Reine Margot;"Toulousains, friands du concept ""sans gluten"", voici votre paradis ! Entrez dans le repère de la Reine Margot, vous serez immédiatement saisi par l'odeur délicieuse des mets faits maison.";restaurant;13 rue Peyrolières, Toulouse;43.6004713;1.4406699999999546;09 86 20 55 69;https://www.facebook.com/La-Reine-Margot-1439869932969709/;8:00-12:00 / 14:00-18:00;10:00-18:00;10:00-18:00;10:00-18:00;10:00-19:00;10:00-19:00;
77;lasuite@aubaineapp.fr;La Suite;La Suite, c'est le coup de coeur de la rue Saint-Rome ! Avec des pièces féminines et sublimes de confection française, vous ne saurez pas où donner de la tête !;boutiques;22 Rue Saint Rome, Toulouse;43.60243459999999;1.4437438999999586;;;11:00-19:00;8:00-12:00 / 14:00-18:00;8:00-12:00 / 14:00-18:00;8:00-12:00 / 14:00-18:00;8:00-12:00 / 14:00-18:00;8:00-12:00 / 14:00-18:00;
149;cave.voiemaltee@gmail.com;La Voie Maltée;La voie Maltée  vous propose de faire le tour du monde des bières ! Vous trouverez plus de 200 références provenant des quatre coins du globe. Il y a aussi des bières bios, sans gluten ou sans alcool, alors venez vite découvrir leur superbe sélection !;bars_cafes;68 rue pargaminières, toulouse;43.60473349999999;1.4406401999999616;05 62 89 51 83;https://www.facebook.com/caveabiereslavoiemalteetoulouse/?fref=ts;14:00-22:00;14:00-22:00;14:00-22:00;14:00-22:00;14:00-22:00;14:00-22:00;
81;be.pernet@gmail.com;La Fabrique - Bricoles et Spiritueux;Ce restaurant toulousain au décor industriel vous garantit le fait maison ! Les plats y sont concoctés avec de jolis produits frais par un chef cuisinier, proposant au choix : viandes, salades, burgers et bricoles.;bars_cafes, restauration;6 Place du Peyrou, Toulouse;43.6072667;1.4400494000000208;05 61 21 39 46;https://www.facebook.com/La-Fabrique-Bricoles-et-Spiritueux-344864188870903/?fref=ts&__mref=message_bubble;7:30-23:30;7:30-1:30;7:30-1:30;7:30-1:30;7:30-1:30;11:00-1:45;
38;lafaceb@aubaineapp.fr;La Face B;Ancien salon de thé, La Face B se reconverti en bistrot !  Venez y déguster de délicieux tapas avec une vue imprenable sur la cathédrale Saint-Etienne !;bars_cafes,petite_faim,restauration;60 Rue de Metz, Toulouse;43.6005347;1.449888699999974;05 61 12 32 06;https://www.facebook.com/lafaceB.toulouse/;10:00-18:00;10:00-18:00;10:00-22:30;10:00-22:30;10:00-22:30;10:00-18:00;9:00-18:00
137;manuel@karinejeff.fr;Le Bonheur est dans le pot;Restaurant bio et familial, sous forme de self et buffets, vous pouvez y composer votre propre menu! Les plats aussi savoureux qu'insolites se paient au poids. Partie épicerie, retrouvez tous ces délices... en pots !;bars_cafes;17 Place Saint-Pierre, Toulouse;43.6036656;1.4350240999999642;09 81 81 86 78;https://www.facebook.com/lesamisdubonheur/;11:30-19:00;11:30-19:00;11:30-19:00;11:30-19:00;11:30-19:00;11:30-19:00;11:30-19:00
135;lecafecerise@gmail.com;Le Café Cerise;En provenance du torréfacteur Café Négril, à Balma, tous les grands crus de café sont garantis sans produits chimiques. Laissez-vous tenter par les différentes sortes et arômes !;bars_cafes;4 Quai de la Daurade, Toulouse;43.6000712;1.4403351999999359;05 81 60 66 91;https://www.facebook.com/lecafecerise/?fref=ts;8:30-17:00;8:30-18:00;8:30-18:00;8:30-18:00;8:30-18:00;10:00-18:00;
125;lcdo31000@gmail.com;Le Comptoir De L'optique;Le Comptoir de l'Optique vous propose un choix incroyable de montures de lunnettes, environ 400 ! Vous y trouverez aussi des solaires de créateurs à des prix abordables !;bars_cafes;44 Rue des Tourneurs, Toulouse;43.60087309999999;1.4450766999999587;05 31 98 79 91;https://www.facebook.com/Le-Comptoir-De-Loptique-966876640049810/?fref=ts;10:00-18:00;10:00-19:00;10:00-19:00;10:00-19:00;10:00-19:00;10:00-18:00;
40;ledressingdesfilles@live.fr;Le Dressing des Filles;Pour remplir votre dressing de belles pièces sans vous ruiner, rendez-vous au Dressing des Filles ! A deux pas du Capitole, retrouver cette boutique pleine de surprises !;boutiques;20 Rue des Lois, Toulouse;43.6055031;1.441950899999938;05 34 25 16 96;https://www.facebook.com/Le-Dressing-Des-Filles-369070383143356/;;11:00-19:00;11:00-19:00;11:00-19:00;11:00-19:00;11:00-19:00;
159;lefenetra@gmail.com;Le Fenetra;Le Fénétra vous fais redécouvrir sa pâtisserie éponyme, traditionnelle de Toulouse ! Venez déguster des formules rapides le midi et des goûters à tomber l'après-midi. Tout est fait maison !;bars_cafes;7 rue temponières;43.6015097;1.4428634999999304;;https://www.facebook.com/pg/LeFenetra/about/?ref=page_internal;9:00-19:00;9:00-19:00;9:00-22:00;9:00-22:00;9:00-22:00;9:00-19:00;
151;jonas.haharfi@gmail.com;Le Lieu;Dédié aux baskets rares et éditions limitées, Le Lieu référence toutes sortes de sneakers ! Retrouvez vos marques favorites : Nike, Saucony, Vans, Reebok .. et de nombreux conseils !;boutiques;35 rue de Metz, Toulouse;43.60091;1.449031;05 31 15 02 34;https://www.facebook.com/Le-Lieu-189966707738560/;10:00-19:00;10:00-19:00;10:00-19:00;10:00-19:00;10:00-19:00;10:00-19:00;
71;michelpanda31@gmail.com;Le Ministere;"QG officiel du site Le Rugbynistère; le Ministère : Convivialité de l’équipe, bonne bouffe, bonne bière et rigolade... Gentleman rugbyman, cet endroit est fait pour vous !";bars_cafes;14 Rue Peyrolières, Toulouse;43.6001351;1.4411016999999902;05 34 33 61 19;https://www.facebook.com/LeMinistere/?fref=ts;17:00-2:00;17:00-2:00;17:00-2:00;17:00-2:00;17:00-2:00;12:00-3:00;12:00-2:00
122;contact.lepetitbeaubourg@gmail.com;Le Petit Beaubourg;C'est le lieu idéal pour venir apprécier un bon déjeuner au soleil ou des tapas le soir. Les plus fêtards d'entre vous seront comblés : cocktails, musique et bonne ambiance sont au rendez-vous !;bars_cafes;37 place de carmes, Toulouse;43.5972087;1.445259999999962;05 61 25 86 51;https://www.facebook.com/lepetitbeaubourg/?fref=ts;11:30-2:00;11:30-2:00;11:30-2:00;11:30-2:00;11:30-2:00;11:30-3:00;11:00-2:00
169;leadonnat05@gmail.com;Le Petit Magre;Pour le déjeuner ou la pause goûter, le Petit Magre saura vous ravir ! Salad bar et buffet, suivi de patisseries gourmandes réalisés sur place, vous n'y résisterez pas !;bars_cafes;4 rue baronie, toulouse;43.6016382;1.4450183000000152;;https://www.facebook.com/lepetitmagre/;14:00-18:00;12:00-19:00;12:00-19:00;12:00-19:00;12:00-19:00;12:00-19:00;
163;lpstoulouse@lepetitsouk.fr;Le petit souk;Le Petit Souk est un bazar coloré et pétillant destiné aux enfants ! Jouets, gadgets, décoration, vous ne saurez plus où donner de la tête, dans cette boutique chic et rigolote.;boutiques;11 rue baronie;43.6019782;1.444734799999992;;;14:00-19:00;10:00-19:00;10:00-19:00;10:00-19:00;10:00-19:00;10:00-19:00;
150;lesalmanazartlse@gmail.com;Le Salmanazar;Dans une belle cave voûtée entièrement réaménagée autour des vestiges romains de l’ancien mur de la ville, venez dégustez leurs bières, vins et spiritueux accompagnés d’assiettes de charcuterie et de fromages artisanaux !;bars_cafes;15 rue bouquières, Toulouse;43.5990184;1.4462826000000177;;https://www.facebook.com/profile.php?id=100009452764654&fref=ts;16:00-2:00;16:00-2:00;16:00-2:00;16:00-2:00;16:00-2:00;16:00-3:00;
104;antoine.micouleau@gmail.com;Le Soulier;Dans une ambiance de prohibition, Le Soulier vous propose de déguster de délicieux hors d'oeuvre et cocktails ! De plus, il organise aussi des soirées Bootlegger, des soirées privées ...;bars_cafes;8 Rue Arnaud Bernard, Toulouse;43.60964189999999;1.4392784000000347;05 67 11 01 72;https://www.facebook.com/boudoirlesoulier/;8:00-12:00 / 14:00-18:00;8:00-12:00 / 14:00-18:00;20:00-2:00;20:00-2:00;20:00-2:00;20:00-2:00;
105;letalon@aubaineapp.fr;Le Talon - Épicerie;Le garde-manger, Le Talon se ravitaille en produits du Sud-Ouest, et vous fait partager les merveilles de notre région. En plus, vous y retrouverez les plats maisons des Pieds sous la Table à emporter !;bars_cafes;2 Rue Arnaud Bernard, Toulouse;43.6095146;1.4394313999999895;05 61 22 17 52;;8:00-12:00 / 14:00-18:00;8:00-12:00 / 14:00-18:00;11:00-15:00 / 17:00-20:00;11:00-15:00 / 17:00-20:00;11:00-15:00 / 17:00-20:00;11:00-15:00 / 17:00-20:00;10:00-14:00
39;bebop.toulouse@gmail.com;Le Bebop;le Bebop Café vous propose un double service. La boutique vous surprendra avec ses recettes variées et faites maison. Le traiteur se chargera de vous concocter des amuse-bouches sucrés, salés, un délice !;petite_faim;45 Rue de Metz, Toulouse;43.6008071;1.451016299999992;05 61 12 32 06;https://www.facebook.com/bebopcafe/;07:30-19:30;07:30-19:30;07:30-19:30;07:30-19:30;07:30-19:30;;
102;romainbalcinha@yahoo.fr;Les Brodeurs Paris;Une large gamme de vêtements tendances, c'est ce que vous propose Les Brodeurs Paris ! Mais ce n'est pas tout, vous trouverez aussi des bijoux, sacs, accessoires, bougies et objets de déco.;bars_cafes;14 Rue des Changes, Toulouse;43.6008202;1.4437858999999662;;https://www.facebook.com/pg/Les-Brodeurs-Paris-392311657611602/about/?ref=page_internal;;;;;;;
156;virginiebelarbi@gmail.com;Les Délices d'Élise;Ce salon de thé chaleureux vous propose des pause déjeuner gourmandes avec des recettes revisitées ainsi que des goûters. Retrouvez des macarons de toutes les couleurs, avec des goûts hors du commun !;bars_cafes;12 Rue de la Colombette, Toulouse;43.604515;1.451049;09 80 69 34 87;https://www.facebook.com/Les-Délices-dÉlise-309518465872285/;8:00-12:00 / 14:00-18:00;10:00-18:30;10:00-18:30;10:00-18:30;10:00-18:30;10:00-18:30;10:00-16:00
41;lesinnocentes@aubaineapp.fr;Les Innocentes;Pour tous les styles, classiques, décontractés ou trendy, Les Innocentes a les vêtements qu'il vous faut ! Succombez à des pièces uniques qui composeront l'essentiel d'une garde-robe parfaite.;boutiques;12 Rue des Lois, Toulouse;43.605275;1.442325;05 34 25 16 96;https://www.facebook.com/Les-Innocentes-196349094056526/;8:00-12:00 / 14:00-18:00;11:00-19:00;11:00-19:00;11:00-19:00;11:00-19:00;11:00-19:00;
131;231@aubaineapp.fr;Les Tricheurs;Les Tricheurs est un nouveau concept alliant bar et jeux de société ! Retrouvez plus de 400 jeux ainsi que de nombreuses soirées à thème ! Retour en enfance et convivialité garantis.;bars_cafes;34 Rue des Blanchers, Toulouse;43.6027686;1.4373004000000265;05 61 23 04 32;https://www.facebook.com/barlestricheurs/;8:00-12:00 / 14:00-18:00;16:00-1:00;16:00-1:00;16:00-1:00;16:00-2:00;15:00-2:00;15:00-0:00
83;levantin.tek@free.fr;Levantin Design ambiant;Idéalement situé place Saint-Georges à Toulouse, Levantin vous propose des centaines d'idées cadeaux ! Retrouvez des objets de décoration uniques, de créateurs de nationalités différentes !;boutiques;19 Place Saint-Georges, Toulouse;43.6017927;1.4481243999999833;05 61 21 93 91;https://www.facebook.com/Levantin-139848819530176/?fref=ts;8:00-12:00 / 14:00-18:00;11:00-13:00 / 14:00-19:00;11:00-13:00 / 14:00-19:00;11:00-13:00 / 14:00-19:00;11:00-13:00 / 14:00-19:00;11:00-13:00 / 14:00-19:00;
35;londontown.toulouse@charleswells.co.uk;London Town;Découvrez le véritable goût de l’Angleterre au London Town. Une ambiance locale, des concerts live, et bien sûr de nombreuses bières anglaises traditionnelles !;bars_cafes;14 Rue de Pretres , Toulouse;43.5974489;1.4438427000000047;05 62 26 53 10;https://www.facebook.com/londontownpub/;15:00-2:00;15:00-2:00;15:00-2:00;15:00-2:00;15:00-2:00;12:00-3:00;12:00-1:00
42;garance@aubaineapp.fr;Mademoiselle Garance;Dans un style un peu bohème et boho, Mademoiselle Garance allie vêtements chics et décontractés pour convenir à toutes les occasions ! C'est votre nouvelle destination shopping !;boutiques;18 Rue des Lois, Toulouse;43.6054395;1.442033199999969;;https://www.facebook.com/Mademoiselle-Garance-1622893991259759/;8:00-12:00 / 14:00-18:00;11:00-19:00;11:00-19:00;11:00-19:00;11:00-19:00;11:00-19:00;
123;mademoisellenuage@outlook.fr;Mademoiselle Nuage;Grâce à l'alliance de deux créatrices talentueuses, retrouvez des bijoux et accessoires élégants chez Mademoiselle Nuage ! Tout est fait à la main dans leur atelier toulousain.;bars_cafes;11 rue Peyrolières, Toulouse;43.6004352;1.440707599999996;;https://www.facebook.com/mademoisellenuage/?fref=ts;11:00-13:30 / 14:30-19:00;11:00-13:30 / 14:30-19:00;11:00-13:30 / 14:30-19:00;11:00-13:30 / 14:30-19:00;11:00-13:30 / 14:30-19:00;11:00-19:00;
127;claire@mamaroots.fr;Mamaroots;Entre showroom et atelier, découvrez le dressing féminin et décontracté de Claire ! Cette modéliste de formation confectionne des pièces uniques grâce à des tissus chinés et de qualité.;bars_cafes;9 Place Sainte-Scarbes, Toulouse;43.5980638;1.4488192000000026;06 14 35 95 86;https://www.facebook.com/mamaroots/?fref=ts;11:00-19:00;11:00-19:00;11:00-19:00;11:00-19:00;11:00-19:00;11:00-19:00;
68;melting@aubaineapp.fr;Melting Pot Pub;Le Melting Pot pub vous offre l'expérience unique des pubs irlandais pour suivre vos matchs préférés dans une ambiance chaleureuse et festive. Venez profitez du large choix de bières !;bars_cafes;26 Boulevard de Strasbourg, Toulouse;43.6075008;1.4471581999999898;05 61 62 82 98;https://www.facebook.com/themeltingpotpub/;12:00-2:00;12:00-2:00;12:00-2:00;12:00-2:00;12:00-2:00;12:00-3:00;12:00-2:00
165;mericboutique@wanadoo.fr;Meric Boutique;Destinée aux enfants et aux mamans, la boutique Meric est le lieu idéal pour faire des cadeaux originaux ! Jouets, mercerie, décoration, textile ou bijoux, laissez-vous tenter.;boutiques;24 place des carmes;43.5980581;1.4452850000000126;;https://www.facebook.com/Meric-boutique-467877616592610/;14:00-19:00;10:00-19:00;10:00-19:00;10:00-19:00;10:00-19:00;10:00-19:00;
98;audrey@madeinamarmite.com;MIAM - Made In A Marmite;MIAM, c'est des recettes de viandes mijotées, effilochées, servies dans une galette de blé ou dans une box. Le secret ? Tout, oui tout, est dans la marmite !;bars_cafes;24 Rue Léon Gambetta, Toulouse;43.6026432;1.4415695999999798;07 81 46 82 06;https://www.facebook.com/miamtoulouse/;11:30-22:00;11:30-22:00;11:30-22:00;11:30-22:00;11:30-22:00;11:30-22:30;11:30-22:00
60;Milleetunepates@aubaineapp.fr;Mille et une pates;1001 Pâtes est spécialisé dans la confection de pâtes fraîches de l’entrée au dessert. Vous y découvrirez des dizaines de recettes des incontournables aux plus originales !;restauration;1 bis Rue Mirepoix, Toulouse;43.60336909999999;1.4421795000000657;05 61 21 97 83;https://www.facebook.com/Restaurant-Mille-et-une-p%C3%A2tes-314665445328807/;8:00-19:30;8:00-19:30;8:00-19:30;8:00-19:30;8:00-19:30;8:00-19:30;
37;sandrine.daoud@orange.fr;Mille et une Miettes;1001 miettes vous propose une cuisine artisanale et familiale, avec des recettes simples et goûteuses ! Niveau sucré, le gérant qui est pâtissier, saura vous faire plaisir et vous gâter !;restauration;4 Rue Saint Jerome, Toulouse;43.6035643;1.4475700000000415;05 67 33 52 05;https://www.facebook.com/milleetunemiettes/;;;;;;;
126;marie.dubray@hotmail.fr;Moloko;C'est dans ce bar rétro à la musique vintage que vous dégusterez des cocktails fous !  Laissez-vous tenter par des mélanges détonnants à base de fruits, d'épices ou encore d'alcools oubliés ...;bars_cafes;6 Rue Joutx Aigues, Toulouse;43.5984389;1.4437732000000096;05 62 17 96 61;https://fr-fr.facebook.com/LeMolokoBar/;18:00-2:00;18:00-2:00;18:00-2:00;18:00-2:00;18:00-2:00;18:00-3:00;
112;Pdg@montres-and.com;Montres AND;Entre Toulouse et Marseille, c'est la que les montres en bois sont confectionnés par Montres AND ! Ces ébenistes du temps créés des montres fines et élégantes pour hommes et femmes.;boutiques;Boutique en ligne (clic photo);43.6024565;1.4464897999999948;;www.facebook.com/pg/montresand;;;;;;;
128;631@aubaineapp.fr;Le Mucho;Le Mucho, c'est un petit coin d'Espagne en plein centre de Toulouse ! Entre tapas authentiques, vins locaux, collection de gins et ambiance ispanique, vos ne serez pas déçu.;bars_cafes;9 Place du Pont Neuf, Toulouse;43.5995723;1.4408687999999756;05 61 21 66 28;https://www.facebook.com/muchotoulouse/;8:00-12:00 / 14:00-18:00;9:00-2:00;9:00-2:00;9:00-2:00;9:00-2:00;9:00-3:00;
76;contact@natureetlin.fr;Nature et Lin;Dans un style épuré et minimaliste, Nature et Lin vous propose des créations uniques autour de ce tissus légendaire et écologique : le lin ! Vêtements, bijoux, et accessoires sont fabriqués à la main.;boutiques;20 rue des Changes, Toulouse;43.6010806;1.4439813000000186;;https://www.facebook.com/BoutiqueNatureEtLin/?fref=ts;;10:45–12:00 / 14:00–18:30;10:45–12:00 / 14:00–18:30;10:45–12:00 / 14:00–18:30;10:45–12:00 / 14:00–18:30;10:45–12:00 / 14:00–18:30;
43;simon@neofleurs.com;Neofleurs;Neofleurs est une startup toulousaine qui vous permet de faire livrer des compositions florales de qualité et à prix accessible ! Les bouquets sont réalisés par des fleuristes partenaires et locaux.;boutiques;1 Place Alphonse Jourdain, Toulouse;43.6107468;1.4301606999999876;;https://www.facebook.com/neofleurs/;8:00-12:00 / 14:00-18:00;8:00-12:00 / 14:00-18:00;8:00-12:00 / 14:00-18:00;8:00-12:00 / 14:00-18:00;8:00-12:00 / 14:00-18:00;8:00-12:00 / 14:00-18:00;
99;contact@viamylor.fr;Oxbow;Oxbow élabore depuis plus de 30 ans, vêtements et accessoires pour hommes et femmes dans un style décontracté. Elle conçoit aussi des vêtements techniques pour les sports nautiques !;bars_cafes;16 Rue Sainte Ursule, Toulouse;43.6022927;1.4423597999999629;09 83 63 53 80;;11:00–13:30 / 14:30–19:00;11:00–13:30 / 14:30–19:00;11:00–13:30 / 14:30–19:00;11:00–13:30 / 14:30–19:00;11:00–13:30 / 14:30–19:00;11:00–13:30 / 14:30–19:00;11:00–13:30 / 14:30–19:00
113;andrebrouat@aubaineapp.fr;Palais des Sports André Brouat;;boutiques;3 Rue Pierre Laplace, Toulouse;43.6127003;1.434521000000018;05 62 30 21 80;;;;;;;;
161;podolinea.sudouest@gmail.com;Podolinea;Spécialiste du bien-être de vos pieds, Podolinea propose des solutions à tous vos problèmes. Professionnel et expert, vos pieds seront entre de bonnes mains !;bien_etre;37 rue des frères Lion;43.6002308;1.4530368000000635;;;8:00-12:00 / 14:00-18:00;9:30-12:30 / 14:30-18:45;9:30-12:30 / 14:30-18:45;9:30-12:30 / 14:30-18:45;9:30-12:30 / 14:30-18:45;9:30-12:30 / 14:30-18:45;
162;shoesintoulouse@gmail.com;Pol le Duff;Pol le Duff, chausseurs depuis 4 générations vous propose toutes sortes de chaussures ! Pour des occasions particulières ou la vie de tous les jours, vous trouverez votre bonheur.;boutiques;83 rue du faubourg bonnefoy;43.6194519;1.456779900000015;;;8:00-12:00 / 14:00-18:00;9:30-12:30 / 14:30-19:00;9:30-12:30 / 14:30-19:00;9:30-12:30 / 14:30-19:00;9:30-12:30 / 14:30-19:00;9:30-12:30 / 14:30-19:00;
153;leduffchaussures@gmail.com;Pol le Duff chaussures;Pol le Duff, chausseurs depuis 4 générations vous propose toutes sortes de chaussures ! Pour des occasions particulières ou la vie de tous les jours, vous trouverez votre bonheur.;boutiques;39 Rue des Frères Lion, Toulouse;43.600394;1.453161;05 61 63 62 90;https://www.facebook.com/PolLeDuffChaussures/?hc_ref=NEWSFEED;8:00-12:00 / 14:00-18:00;10:00-13:00 / 14:15-19:00;10:00-13:00 / 14:15-19:00;10:00-13:00 / 14:15-19:00;10:00-13:00 / 14:15-19:00;10:00-13:00 / 14:00-19:00;
63;puboclock@aubaineapp.fr;Pub O'clock;Ce bar vous réserve l’ambiance authentique et les bières d’un véritable pub. Avec son atmosphère sportive, tout est réuni pour passer une troisième mi-temps dans la bonne humeur.;bars_cafes;21 Boulevard de Strasbourg, Toulouse;43.6069569;1.447068800000011;05 67 11 15 06;https://www.facebook.com/puboclock/?fref=ts;10:00-01:30;10:00-01:30;10:00-01:30;10:00-01:30;10:00-01:30;10:00-02:30;10:00-01:30
130;roosterandbeer@gmail.com;Rooster and Beer;"Rooster &amp; Beer vous propose des bières exclusivement artisanales et françaises ! Vous trouverez des bières venues des quatre coins de la France avec des arômes bien particuliers !";bars_cafes;100 Rue Riquet, Toulouse;43.60849;1.4540230000000065;07 68 25 18 30;https://www.facebook.com/roosterandbeer/;18:00–02:00;18:00–01:00;18:00–01:00;18:00–02:00;18:00–02:00;18:00–03:00;18:00–02:00
88;marinecadamuro.cm@gmail.com;Saint Troc;Depuis 20 ans, le Saint Troc sélectionne les plus belles pièces de modes des plus grandes marques ! Cette boutique de dépôt et vente de luxe est pour tous les accros du shopping.;boutiques;4 rue Paul Meriel, Toulouse;43.6038754;1.448196199999984;05 61 23 09 93;https://www.facebook.com/saint.troc.depot.vente.luxe.toulouse/;10:30–19:00;10:30–19:00;10:30–19:00;10:30–19:00;10:30–19:00;10:30–19:00;10:30–19:00
85;derupti.alice@gmail.com;Sandyan Patisserie;Découvrez l'univers de Yannick Delpech, chef doublement étoilé ! Bistrot de rue de midi, patisserie et salon de thé l'après-midi, Sandyan vous propose une cuisine raffinée et gourmande !;petite_faim;54 Rue d'Alsace Lorraine, Toulouse;43.6074404;1.4458578999999645;05 61 21 45 64;https://www.facebook.com/sandyan/?fref=ts;10:00–18:00;10:00–19:00;10:00–19:00;10:00–19:00;10:00–19:00;10:00–19:00;09:30–13:30
86;sandyanr@aubaineapp.fr;Sandyan Bistrot de Rue;Découvrez le Bistrot de rue de Yannick Delpech ! Ce chef doublement étoilé sélectionne avec soins ses produits frais pour vous offrir un fast-food haut de gamme !;restauration;54 Rue d'Alsace Lorraine, Toulouse;43.6074404;1.4458578999999645;05 61 21 45 64;https://www.facebook.com/sandyan/?fref=ts;10:00–18:00;10:00–19:00;10:00–19:00;10:00–19:00;10:00–19:00;10:00–19:00;09:30–13:30
91;sdstoulouse31@gmail.com;Sans Dessus Dessous;Sans Dessus Dessous est un concept store de prêt-à-porter et sous-vêtements masculins ! Dans ce concept plutôt peu courant, vous trouverez différentes marques pour tous les goûts !;boutiques;5 rue Rivals, Toulouse;43.6062604;1.4448919999999816;05 61 21 10 40;https://www.facebook.com/sansdessusdessoustoulouse/?fref=ts;13:00–19:00;10:00–19:00;10:00–19:00;10:00–19:00;10:00–19:00;10:00–19:00;
157;saveursetharmonie@orange.fr;Saveurs et Harmonie;"Chez Saveurs &amp; Harmonie, plus de 300 variétés de thés et infusions vous attendent ! En sachet ou en vrac, découvrez leurs fragrances, origines et histoires grâce aux conseils d'une passionnée !";petite_faim;24 rue de la colombette;43.604552;1.451795;05 61 99 32 98;https://www.facebook.com/SaverusetHarmonie/;15:00-19:30;10:00-19:30;10:00-19:30;10:00-19:30;10:00-19:30;10:00-19:30;10:00-19:30
51;nieradkacecile@gmail.com;Simple;Venez composer vos salades et wraps selon vos envies ! Le Simple vous fait découvrir des aliments sains et variés, des boissons aussi bien chaudes que froides et des soupes maison. Vous craquerez également pour de délicieuses et gourmandes pâtisseries !;bars_cafes,petite_faim;40 Rue des Lois, Toulouse;43.6070557;1.4402747999999974;06 50 78 52 61;https://www.facebook.com/simple.toulouse/?fref=ts;09:00–18:00;09:00–18:00;09:00–18:00;09:00–18:00;09:00–16:00;09:00–18:00;
110;sukanisushi@gmail.com;Sukani Sushi;Sur place ou à emporter, profitez de spécialités japonaises chez Sukani Sushis ! Entre sushis, makis, soupe miso et autres mets, vous vous sentirez complètement dépaysé !;restauration;16 Rue Saint Jean, Balma;43.61203829999999;1.4951031000000512;06 22 22 99 86;https://www.facebook.com/sukanisushi/;11:30–15:00, 18:30–23:00;11:30–15:00, 18:30–23:00;11:30–15:00, 18:30–23:00;11:30–15:00, 18:30–23:00;11:30–15:00, 18:30–23:00;18:30–23:00;18:30–23:00
58;contact@tataroberta.com;Tata Roberta;Ce concept store est dédié à la mode, aux accessoires et au design qui mixe à la fois créateurs en vogue et marques pointues. Entrez dans un univers chaleureux, vous y découvrirez des objets de décoration les plus étonnants !;boutiques;19 place saint Georges, Toulouse;43.6021671;1.4482089000000542;05 67 68 49 27;https://www.facebook.com/tataroberta.conceptstore/;11:00-19:00;11:00-19:00;11:00-19:00;11:00-19:00;11:00-19:00;11:00-19:00;11:00-19:00
90;mgibily.praticienne@gmail.com;Marine Gibily - Terra Zen;Chez Terra Zen, vous trouverez un éventail de soins et de massages ! Pour les plus soucieuses des produits utilisés, l'institut pratique aussi la Slow Cosmétique, une consommation alternative de la beauté !;bien_etre;27 avenue Frédéric Estèbe, Toulouse;43.6199728;1.4369369999999435;09 53 59 01 62;https://www.facebook.com/centreterrazen/?fref=ts&__mref=message_bubble;;;;;;;
1;admin@aubaineapp.fr;Aubaine;Ne faite pas attention à ce marqueur, il est ici pour des tests !;bars_cafes,petite_faim,restauration,epiceries,bien_etre,boutiques;1 place du capitole, Toulouse;43.603816;1.4440601000000015;;;;;;;;;
55;urban@aubaineapp.fr;Urban Concept;Urban Cover vous propose de découvrir des marques françaises urbaines et contemporaines inspirées de la culture anglo-saxonne ! Vous pouvez aussi y créer vos propres tee-shirts !;boutiques;6 rue d'Astorg, Toulouse;43.6010932;1.448323500000015;05 82 74 35 97;https://www.facebook.com/urbancoverfrance/?fref=ts;10:30–19:00;10:30–19:00;10:30–19:00;10:30–19:00;10:30–19:00;10:30–19:00;10:30–19:00
154;veggiecornertlse@gmail.com;Veggie Corner;Découvrez une cuisine 100% végétale au Veggie Corner ! Ce restaurant végan vous propose des spécialités sucrées et salées pour une pause déjeuner plus que gourmande !;petite_faim;38 Rue de la Colombette, Toulouse;43.604621;1.452917;07 83 06 78 40;https://www.facebook.com/veggiecornertlse/;11:30-17:00;11:30-17:00;11:30-17:00;11:30-17:00;11:30-17:00;11:30-17:00;
93;contact@yesyoucook.fr;Yes You Cook;Yesyoucook vous propose des paniers composés d'ingrédients frais, locaux et BIO ! Grâce aux explications détaillées, réalisez vos même votre plat de saison pour 2 personnes !;restauration;www.yesyoucook.fr;43.603415;1.449035;;https://www.facebook.com/yesyoucookcuisinezmalin/?fref=ts&__mref=message_bubble;;;;;;;
170;yggdrasil.argot@gmail.com;Yggdrasil les comptoirs argot;Passez une soirée hors du commun dans le restaurant ludique Yggdrasil ! Venez manger de bons plats maison tout en profitant de plus de 70 jeux de société.;restauration;65 rue pargaminière, toulouse;43.6044199;1.4395656000000372;;;8:00-12:00 / 14:00-18:00;8:00-12:00 / 14:00-18:00;12:00-0:00;12:00-0:00;12:00-0:00;12:00-0:00;12:00-0:00
